Кинотеатр,Город,Разряд,Количество мест,Количество сеансов в день,Институциональная принадлежность и характеристика,Цена билета,"Источники: разряд, количество мест, институциональная принадлежность",Источники: количество сеансов,Источники: цена билета
Авангард,Москва,1,515,"8,4",Управление кинофикации Мосгорисполкома,"4,5",ЦГАМ. Ф. Р-265. Оп. 1. Д. 23. ,"Указано усредненное количество сеансов в день, согласно общему годовому отчету по всем кинотеатрам за 1950 год: ЦГАМ. Ф. Р-265. Оп. 1. Д. 23. ","Цена на билет искусственно сконструирована, отталкиваясь от усредненной цены билета в городские кинотеатры согласно общему говодому отчету  за 1950 год (3-98 руб.): ЦГАМ. Ф. Р-265. Оп. 1. Д. 23. Описание методики реконструкции см. в статье."
Аврора,Москва,3,338,"8,4",Управление кинофикации Мосгорисполкома,"2,8",ЦГАМ. Ф. Р-265. Оп. 1. Д. 23. ,"Указано усредненное количество сеансов в день, согласно общему годовому отчету по всем кинотеатрам за 1950 год: ЦГАМ. Ф. Р-265. Оп. 1. Д. 23. ","Цена на билет искусственно сконструирована, отталкиваясь от усредненной цены билета в городские кинотеатры согласно общему говодому отчету  за 1950 год (3-98 руб.): ЦГАМ. Ф. Р-265. Оп. 1. Д. 23. Описание методики реконструкции см. в статье."
Аквариум,Москва,2,732,"3,3",Управление кинофикации Мосгорисполкома. Сезоннй,"3,97",ЦГАМ. Ф. Р-265. Оп. 1. Д. 23. ,"Указано усредненное количество сеансов в день, согласно общему годовому отчету по сезонным кинотеатрам за 1950 год: ЦГАМ. Ф. Р-265. Оп. 1. Д. 23. ","Указана средняя цена на билет в сезонные кинотеатры, согласно годовому отчету за 1950 год: ЦГАМ. Ф. Р-265. Оп. 1. Д. 23. "
Арс,Москва,2,271,"8,4",Управление кинофикации Мосгорисполкома,"3,98",ЦГАМ. Ф. Р-265. Оп. 1. Д. 23. ,"Указано усредненное количество сеансов в день, согласно общему годовому отчету по всем кинотеатрам за 1950 год: ЦГАМ. Ф. Р-265. Оп. 1. Д. 23. ","Цена на билет искусственно сконструирована, отталкиваясь от усредненной цены билета в городские кинотеатры согласно общему говодому отчету  за 1950 год (3-98 руб.): ЦГАМ. Ф. Р-265. Оп. 1. Д. 23. Описание методики реконструкции см. в статье."
Баррикады,Москва,2,455,"8,4",Управление кинофикации Мосгорисполкома,"3,98",ЦГАМ. Ф. Р-265. Оп. 1. Д. 23. ,"Указано усредненное количество сеансов в день, согласно общему годовому отчету по всем кинотеатрам за 1950 год: ЦГАМ. Ф. Р-265. Оп. 1. Д. 23. ","Цена на билет искусственно сконструирована, отталкиваясь от усредненной цены билета в городские кинотеатры согласно общему говодому отчету  за 1950 год (3-98 руб.): ЦГАМ. Ф. Р-265. Оп. 1. Д. 23. Описание методики реконструкции см. в статье."
Динамо,Москва,1,560,"8,4",Управление кинофикации Мосгорисполкома,"4,5",ЦГАМ. Ф. Р-265. Оп. 1. Д. 23. ,"Указано усредненное количество сеансов в день, согласно общему годовому отчету по всем кинотеатрам за 1950 год: ЦГАМ. Ф. Р-265. Оп. 1. Д. 23. ","Цена на билет искусственно сконструирована, отталкиваясь от усредненной цены билета в городские кинотеатры согласно общему говодому отчету  за 1950 год (3-98 руб.): ЦГАМ. Ф. Р-265. Оп. 1. Д. 23. Описание методики реконструкции см. в статье."
Диск,Москва,3,216,"8,4",Управление кинофикации Мосгорисполкома,"2,8",ЦГАМ. Ф. Р-265. Оп. 1. Д. 23. ,"Указано усредненное количество сеансов в день, согласно общему годовому отчету по всем кинотеатрам за 1950 год: ЦГАМ. Ф. Р-265. Оп. 1. Д. 23. ","Цена на билет искусственно сконструирована, отталкиваясь от усредненной цены билета в городские кинотеатры согласно общему говодому отчету  за 1950 год (3-98 руб.): ЦГАМ. Ф. Р-265. Оп. 1. Д. 23. Описание методики реконструкции см. в статье."
Ждановский ПКиО,Москва,2,596,"8,4",Управление кинофикации Мосгорисполкома,"3,98",ЦГАМ. Ф. Р-265. Оп. 1. Д. 23. ,"Указано усредненное количество сеансов в день, согласно общему годовому отчету по всем кинотеатрам за 1950 год: ЦГАМ. Ф. Р-265. Оп. 1. Д. 23. ","Цена на билет искусственно сконструирована, отталкиваясь от усредненной цены билета в городские кинотеатры согласно общему говодому отчету  за 1950 год (3-98 руб.): ЦГАМ. Ф. Р-265. Оп. 1. Д. 23. Описание методики реконструкции см. в статье."
Заря,Москва,3,262,"8,4",Управление кинофикации Мосгорисполкома,"2,8",ЦГАМ. Ф. Р-265. Оп. 1. Д. 23. ,"Указано усредненное количество сеансов в день, согласно общему годовому отчету по всем кинотеатрам за 1950 год: ЦГАМ. Ф. Р-265. Оп. 1. Д. 23. ","Цена на билет искусственно сконструирована, отталкиваясь от усредненной цены билета в городские кинотеатры согласно общему говодому отчету  за 1950 год (3-98 руб.): ЦГАМ. Ф. Р-265. Оп. 1. Д. 23. Описание методики реконструкции см. в статье."
Измайловский ПКиО имени Сталина,Москва,2,815,"8,4",Управление кинофикации Мосгорисполкома,"3,98",Информация о количестве мест указана согласно годовому отчету за 1949 год: ЦГАМ. Ф. Р-265. Оп. 1. Д. 19. За 1950 год данных не обнаружено ,"Указано усредненное количество сеансов в день, согласно общему годовому отчету по всем кинотеатрам за 1950 год: ЦГАМ. Ф. Р-265. Оп. 1. Д. 23. ","Цена на билет искусственно сконструирована, отталкиваясь от усредненной цены билета в городские кинотеатры согласно общему говодому отчету  за 1950 год (3-98 руб.): ЦГАМ. Ф. Р-265. Оп. 1. Д. 23. Описание методики реконструкции см. в статье."
им. III Интернационала,Москва,2,455,"8,4",Управление кинофикации Мосгорисполкома,"3,98",ЦГАМ. Ф. Р-265. Оп. 1. Д. 23. ,"Указано усредненное количество сеансов в день, согласно общему годовому отчету по всем кинотеатрам за 1950 год: ЦГАМ. Ф. Р-265. Оп. 1. Д. 23. ","Цена на билет искусственно сконструирована, отталкиваясь от усредненной цены билета в городские кинотеатры согласно общему говодому отчету  за 1950 год (3-98 руб.): ЦГАМ. Ф. Р-265. Оп. 1. Д. 23. Описание методики реконструкции см. в статье."
им. Моссовета,Москва,1,705,"8,4",Управление кинофикации Мосгорисполкома,"4,5",ЦГАМ. Ф. Р-265. Оп. 1. Д. 23. ,"Указано усредненное количество сеансов в день, согласно общему годовому отчету по всем кинотеатрам за 1950 год: ЦГАМ. Ф. Р-265. Оп. 1. Д. 23. ","Цена на билет искусственно сконструирована, отталкиваясь от усредненной цены билета в городские кинотеатры согласно общему говодому отчету  за 1950 год (3-98 руб.): ЦГАМ. Ф. Р-265. Оп. 1. Д. 23. Описание методики реконструкции см. в статье."
Искра,Москва,3,210,"8,4",Управление кинофикации Мосгорисполкома,"2,8",ЦГАМ. Ф. Р-265. Оп. 1. Д. 23. ,"Указано усредненное количество сеансов в день, согласно общему годовому отчету по всем кинотеатрам за 1950 год: ЦГАМ. Ф. Р-265. Оп. 1. Д. 23. ","Цена на билет искусственно сконструирована, отталкиваясь от усредненной цены билета в городские кинотеатры согласно общему говодому отчету  за 1950 год (3-98 руб.): ЦГАМ. Ф. Р-265. Оп. 1. Д. 23. Описание методики реконструкции см. в статье."
Кадр,Москва,3,322,"8,4",Управление кинофикации Мосгорисполкома,"2,8",ЦГАМ. Ф. Р-265. Оп. 1. Д. 23. ,"Указано усредненное количество сеансов в день, согласно общему годовому отчету по всем кинотеатрам за 1950 год: ЦГАМ. Ф. Р-265. Оп. 1. Д. 23. ","Цена на билет искусственно сконструирована, отталкиваясь от усредненной цены билета в городские кинотеатры согласно общему говодому отчету  за 1950 год (3-98 руб.): ЦГАМ. Ф. Р-265. Оп. 1. Д. 23. Описание методики реконструкции см. в статье."
Кинозал короткометражного фильма,Москва,специализированный,151,"8,4",Управление кинофикации Мосгорисполкома,2,ЦГАМ. Ф. Р-265. Оп. 1. Д. 23. ,"Указано усредненное количество сеансов в день, согласно общему годовому отчету по всем кинотеатрам за 1950 год: ЦГАМ. Ф. Р-265. Оп. 1. Д. 23. ","Цена на билет искусственно сконструирована, отталкиваясь от усредненной цены билета в городские кинотеатры согласно общему говодому отчету (3-98 руб.): ЦГАМ. Ф. Р-265. Оп. 1. Д. 23. Описание методики реконструкции см. в статье."
Кинотеатр повторного фильма,Москва,2,480,"8,4",Управление кинофикации Мосгорисполкома,"3,98",ЦГАМ. Ф. Р-265. Оп. 1. Д. 23. ,"Указано усредненное количество сеансов в день, согласно общему годовому отчету по всем кинотеатрам за 1950 год: ЦГАМ. Ф. Р-265. Оп. 1. Д. 23. ","Цена на билет искусственно сконструирована, отталкиваясь от усредненной цены билета в городские кинотеатры согласно общему говодому отчету  за 1950 год (3-98 руб.): ЦГАМ. Ф. Р-265. Оп. 1. Д. 23. Описание методики реконструкции см. в статье."
Колизей,Москва,1,1001,"8,7",Главное управление кинофикации. Кинотеатр союзного подчинения,"4,23",РГАЛИ. Ф. 2471. Оп. 1. Д. 399.Согласно отчету за 1948 год,"Количество сеансов по кинотеатру ""Колизей"" отражено в годовом отчете: РГАЛИ. Ф. 2473. Оп. 1. Д. 505.","Цена на билет в кинотеатр ""Колизей"" отражена в годовом отчете: РГАЛИ. Ф. 2473. Оп. 1. Д. 505."
Луч,Москва,2,419,"8,4",Управление кинофикации Мосгорисполкома,"3,98",ЦГАМ. Ф. Р-265. Оп. 1. Д. 23. ,"Указано усредненное количество сеансов в день, согласно общему годовому отчету по всем кинотеатрам за 1950 год: ЦГАМ. Ф. Р-265. Оп. 1. Д. 23. ","Цена на билет искусственно сконструирована, отталкиваясь от усредненной цены билета в городские кинотеатры согласно общему говодому отчету  за 1950 год (3-98 руб.): ЦГАМ. Ф. Р-265. Оп. 1. Д. 23. Описание методики реконструкции см. в статье."
Маяк,Москва,3,306,"8,4",Управление кинофикации Мосгорисполкома,"2,8",ЦГАМ. Ф. Р-265. Оп. 1. Д. 23. ,"Указано усредненное количество сеансов в день, согласно общему годовому отчету по всем кинотеатрам за 1950 год: ЦГАМ. Ф. Р-265. Оп. 1. Д. 23. ","Цена на билет искусственно сконструирована, отталкиваясь от усредненной цены билета в городские кинотеатры согласно общему говодому отчету  за 1950 год (3-98 руб.): ЦГАМ. Ф. Р-265. Оп. 1. Д. 23. Описание методики реконструкции см. в статье."
Метрополь,Москва,1,692,"9,4",Главное управление кинофикации. Кинотеатр союзного подчинения,"4,21",РГАЛИ. Ф. 2471. Оп. 1. Д. 399.Согласно отчету за 1948 год,"Количество сеансов по кинотеатру ""Метрополь"" отражено в годовом отчете: РГАЛИ. Ф. 2473. Оп. 1. Д. 505.","Цена на билет в кинотеатр ""Метрополь"" отражена в годовом отчете: РГАЛИ. Ф. 2473. Оп. 1. Д. 505."
Мир,Москва,2,362,"8,4",Управление кинофикации Мосгорисполкома,"3,98",ЦГАМ. Ф. Р-265. Оп. 1. Д. 23. ,"Указано усредненное количество сеансов в день, согласно общему годовому отчету по всем кинотеатрам за 1950 год: ЦГАМ. Ф. Р-265. Оп. 1. Д. 23. ","Цена на билет искусственно сконструирована, отталкиваясь от усредненной цены билета в городские кинотеатры согласно общему говодому отчету  за 1950 год (3-98 руб.): ЦГАМ. Ф. Р-265. Оп. 1. Д. 23. Описание методики реконструкции см. в статье."
Молот,Москва,2,444,"8,4",Управление кинофикации Мосгорисполкома,"3,98",ЦГАМ. Ф. Р-265. Оп. 1. Д. 23. ,"Указано усредненное количество сеансов в день, согласно общему годовому отчету по всем кинотеатрам за 1950 год: ЦГАМ. Ф. Р-265. Оп. 1. Д. 23. ","Цена на билет искусственно сконструирована, отталкиваясь от усредненной цены билета в городские кинотеатры согласно общему говодому отчету  за 1950 год (3-98 руб.): ЦГАМ. Ф. Р-265. Оп. 1. Д. 23. Описание методики реконструкции см. в статье."
Москва,Москва,1,800,"8,4",Управление кинофикации Мосгорисполкома,"4,5",ЦГАМ. Ф. Р-265. Оп. 1. Д. 23. ,"Указано усредненное количество сеансов в день, согласно общему годовому отчету по всем кинотеатрам за 1950 год: ЦГАМ. Ф. Р-265. Оп. 1. Д. 23. ","Цена на билет искусственно сконструирована, отталкиваясь от усредненной цены билета в городские кинотеатры согласно общему говодому отчету  за 1950 год (3-98 руб.): ЦГАМ. Ф. Р-265. Оп. 1. Д. 23. Описание методики реконструкции см. в статье."
МПКиО Сокольники,Москва,1,700,"3,3",Управление кинофикации Мосгорисполкома. Сезонный,"4,5",ЦГАМ. Ф. Р-265. Оп. 1. Д. 23. ,"Указано усредненное количество сеансов в день, согласно общему годовому отчету по сезонным кинотеатрам за 1950 год: ЦГАМ. Ф. Р-265. Оп. 1. Д. 23. ","Указана средняя цена на билет в сезонные кинотеатры, согласно годовому отчету за 1950 год: ЦГАМ. Ф. Р-265. Оп. 1. Д. 23. "
Наука и знание,Москва,2,323,"8,4",Управление кинофикации Мосгорисполкома,"3,98",ЦГАМ. Ф. Р-265. Оп. 1. Д. 23. ,"Указано усредненное количество сеансов в день, согласно общему годовому отчету по всем кинотеатрам за 1950 год: ЦГАМ. Ф. Р-265. Оп. 1. Д. 23. ","Цена на билет искусственно сконструирована, отталкиваясь от усредненной цены билета в городские кинотеатры согласно общему говодому отчету  за 1950 год (3-98 руб.): ЦГАМ. Ф. Р-265. Оп. 1. Д. 23. Описание методики реконструкции см. в статье."
Новости дня,Москва,специализированный,272,"8,4",Управление кинофикации Мосгорисполкома,2,ЦГАМ. Ф. Р-265. Оп. 1. Д. 23. ,"Указано усредненное количество сеансов в день, согласно общему годовому отчету по всем кинотеатрам за 1950 год: ЦГАМ. Ф. Р-265. Оп. 1. Д. 23. ","Цена на билет искусственно сконструирована, отталкиваясь от усредненной цены билета в городские кинотеатры согласно общему говодому отчету (3-98 руб.): ЦГАМ. Ф. Р-265. Оп. 1. Д. 23. Описание методики реконструкции см. в статье."
Октябрь,Москва,2,436,"8,4",Управление кинофикации Мосгорисполкома,"3,98",ЦГАМ. Ф. Р-265. Оп. 1. Д. 23. ,"Указано усредненное количество сеансов в день, согласно общему годовому отчету по всем кинотеатрам за 1950 год: ЦГАМ. Ф. Р-265. Оп. 1. Д. 23. ","Цена на билет искусственно сконструирована, отталкиваясь от усредненной цены билета в городские кинотеатры согласно общему говодому отчету  за 1950 год (3-98 руб.): ЦГАМ. Ф. Р-265. Оп. 1. Д. 23. Описание методики реконструкции см. в статье."
Орион,Москва,1,701,"8,4",Управление кинофикации Мосгорисполкома,"4,5",ЦГАМ. Ф. Р-265. Оп. 1. Д. 23. ,"Указано усредненное количество сеансов в день, согласно общему годовому отчету по всем кинотеатрам за 1950 год: ЦГАМ. Ф. Р-265. Оп. 1. Д. 23. ","Цена на билет искусственно сконструирована, отталкиваясь от усредненной цены билета в городские кинотеатры согласно общему говодому отчету  за 1950 год (3-98 руб.): ЦГАМ. Ф. Р-265. Оп. 1. Д. 23. Описание методики реконструкции см. в статье."
Парк МВО,Москва,2,730,"3,3",Управление кинофикации Мосгорисполкома. Сезонный,"3,98",,"Указано усредненное количество сеансов в день, согласно общему годовому отчету по сезонным кинотеатрам за 1950 год: ЦГАМ. Ф. Р-265. Оп. 1. Д. 23. ","Указана средняя цена на билет в сезонные кинотеатры, согласно годовому отчету за 1950 год: ЦГАМ. Ф. Р-265. Оп. 1. Д. 23. "
Перекоп,Москва,1,584,"8,4",Управление кинофикации Мосгорисполкома,"4,5",ЦГАМ. Ф. Р-265. Оп. 1. Д. 23. ,"Указано усредненное количество сеансов в день, согласно общему годовому отчету по сезонным кинотеатрам за 1950 год: ЦГАМ. Ф. Р-265. Оп. 1. Д. 23. ","Указана средняя цена на билет в сезонные кинотеатры, согласно годовому отчету за 1950 год: ЦГАМ. Ф. Р-265. Оп. 1. Д. 23. "
Призыв,Москва,1,386,"8,4",Управление кинофикации Мосгорисполкома,"4,5",ЦГАМ. Ф. Р-265. Оп. 1. Д. 23. ,"Указано усредненное количество сеансов в день, согласно общему годовому отчету по всем кинотеатрам за 1950 год: ЦГАМ. Ф. Р-265. Оп. 1. Д. 23. ","Цена на билет искусственно сконструирована, отталкиваясь от усредненной цены билета в городские кинотеатры согласно общему говодому отчету  за 1950 год (3-98 руб.): ЦГАМ. Ф. Р-265. Оп. 1. Д. 23. Описание методики реконструкции см. в статье."
Родина,Москва,1,1318,"8,4",Управление кинофикации Мосгорисполкома,"4,5",ЦГАМ. Ф. Р-265. Оп. 1. Д. 23. ,"Указано усредненное количество сеансов в день, согласно общему годовому отчету по всем кинотеатрам за 1950 год: ЦГАМ. Ф. Р-265. Оп. 1. Д. 23. ","Цена на билет искусственно сконструирована, отталкиваясь от усредненной цены билета в городские кинотеатры согласно общему говодому отчету  за 1950 год (3-98 руб.): ЦГАМ. Ф. Р-265. Оп. 1. Д. 23. Описание методики реконструкции см. в статье."
Салют,Москва,1,655,"8,4",Управление кинофикации Мосгорисполкома,"4,5",ЦГАМ. Ф. Р-265. Оп. 1. Д. 23. ,"Указано усредненное количество сеансов в день, согласно общему годовому отчету по всем кинотеатрам за 1950 год: ЦГАМ. Ф. Р-265. Оп. 1. Д. 23. ","Цена на билет искусственно сконструирована, отталкиваясь от усредненной цены билета в городские кинотеатры согласно общему говодому отчету  за 1950 год (3-98 руб.): ЦГАМ. Ф. Р-265. Оп. 1. Д. 23. Описание методики реконструкции см. в статье."
Смена,Москва,2,430,"8,4",Управление кинофикации Мосгорисполкома,"3,98",ЦГАМ. Ф. Р-265. Оп. 1. Д. 23. ,"Указано усредненное количество сеансов в день, согласно общему годовому отчету по всем кинотеатрам за 1950 год: ЦГАМ. Ф. Р-265. Оп. 1. Д. 23. ","Цена на билет искусственно сконструирована, отталкиваясь от усредненной цены билета в городские кинотеатры согласно общему говодому отчету  за 1950 год (3-98 руб.): ЦГАМ. Ф. Р-265. Оп. 1. Д. 23. Описание методики реконструкции см. в статье."
Спартак,Москва,2,376,"8,4",Управление кинофикации Мосгорисполкома,"3,98",ЦГАМ. Ф. Р-265. Оп. 1. Д. 23. ,"Указано усредненное количество сеансов в день, согласно общему годовому отчету по всем кинотеатрам за 1950 год: ЦГАМ. Ф. Р-265. Оп. 1. Д. 23. ","Цена на билет искусственно сконструирована, отталкиваясь от усредненной цены билета в городские кинотеатры согласно общему говодому отчету  за 1950 год (3-98 руб.): ЦГАМ. Ф. Р-265. Оп. 1. Д. 23. Описание методики реконструкции см. в статье."
Стереокино,Москва,специализированный,166,"8,4",Управление кинофикации Мосгорисполкома,8,ЦГАМ. Ф. Р-265. Оп. 1. Д. 23. ,"Указано усредненное количество сеансов в день, согласно общему годовому отчету по всем кинотеатрам за 1950 год: ЦГАМ. Ф. Р-265. Оп. 1. Д. 23. ","Изображение билета за 1950 год в московский кинотеатр Стереокино было найдено на интернет-аукционе ""Мешок"""
Таганский,Москва,1,879,"8,4",Управление кинофикации Мосгорисполкома,"4,5",ЦГАМ. Ф. Р-265. Оп. 1. Д. 23. ,"Указано усредненное количество сеансов в день, согласно общему годовому отчету по всем кинотеатрам за 1950 год: ЦГАМ. Ф. Р-265. Оп. 1. Д. 23. ","Цена на билет искусственно сконструирована, отталкиваясь от усредненной цены билета в городские кинотеатры согласно общему говодому отчету  за 1950 год (3-98 руб.): ЦГАМ. Ф. Р-265. Оп. 1. Д. 23. Описание методики реконструкции см. в статье."
Театр киноактера,Москва,1,924,"8,4",Комитет по делам искусств,"4,5",РГАЛИ. Ф. 2456. Оп. 1. Д. 2162. Согласно отчету студии Киноактера за 1948 год,"Указано усредненное количество сеансов в день, согласно общему годовому отчету по всем кинотеатрам за 1950 год: ЦГАМ. Ф. Р-265. Оп. 1. Д. 23. ","Цена на билет искусственно сконструирована, отталкиваясь от усредненной цены билета в городские кинотеатры согласно общему говодому отчету  за 1950 год (3-98 руб.): ЦГАМ. Ф. Р-265. Оп. 1. Д. 23. Описание методики реконструкции см. в статье."
Ударник,Москва,1,1587,"8,9",Главное управление кинофикации. Кинотеатр союзного подчинения,"4,14",РГАЛИ. Ф. 2471. Оп. 1. Д. 399.Согласно отчету за 1948 год,"Количество сеансов по кинотеатру ""Ударник"" отражено в годовом отчете: РГАЛИ. Ф. 2473. Оп. 1. Д. 505.","Цена на билет в кинотеатр ""Ударник"" отражена в годовом отчете: РГАЛИ. Ф. 2473. Оп. 1. Д. 505."
Уран,Москва,1,984,"8,4",Управление кинофикации Мосгорисполкома,"4,5",ЦГАМ. Ф. Р-265. Оп. 1. Д. 23. ,"Указано усредненное количество сеансов в день, согласно общему годовому отчету по всем кинотеатрам за 1950 год: ЦГАМ. Ф. Р-265. Оп. 1. Д. 23. ","Цена на билет искусственно сконструирована, отталкиваясь от усредненной цены билета в городские кинотеатры согласно общему говодому отчету  за 1950 год (3-98 руб.): ЦГАМ. Ф. Р-265. Оп. 1. Д. 23. Описание методики реконструкции см. в статье."
Форум,Москва,1,1285,"8,4",Управление кинофикации Мосгорисполкома,"4,5",ЦГАМ. Ф. Р-265. Оп. 1. Д. 23. ,"Указано усредненное количество сеансов в день, согласно общему годовому отчету по всем кинотеатрам за 1950 год: ЦГАМ. Ф. Р-265. Оп. 1. Д. 23. ","Цена на билет искусственно сконструирована, отталкиваясь от усредненной цены билета в городские кинотеатры согласно общему говодому отчету  за 1950 год (3-98 руб.): ЦГАМ. Ф. Р-265. Оп. 1. Д. 23. Описание методики реконструкции см. в статье."
Хроника,Москва,специализированный,296,"8,4",Управление кинофикации Мосгорисполкома,2,ЦГАМ. Ф. Р-265. Оп. 1. Д. 23. ,"Указано усредненное количество сеансов в день, согласно общему годовому отчету по всем кинотеатрам за 1950 год: ЦГАМ. Ф. Р-265. Оп. 1. Д. 23. ","Цена на билет искусственно сконструирована, отталкиваясь от усредненной цены билета в городские кинотеатры согласно общему говодому отчету (3-98 руб.): ЦГАМ. Ф. Р-265. Оп. 1. Д. 23. Описание методики реконструкции см. в статье."
Художественный,Москва,1,1020,"8,4",Управление кинофикации Мосгорисполкома,"4,5",ЦГАМ. Ф. Р-265. Оп. 1. Д. 23. ,"Указано усредненное количество сеансов в день, согласно общему годовому отчету по всем кинотеатрам за 1950 год: ЦГАМ. Ф. Р-265. Оп. 1. Д. 23. ","Цена на билет искусственно сконструирована, отталкиваясь от усредненной цены билета в городские кинотеатры согласно общему говодому отчету  за 1950 год (3-98 руб.): ЦГАМ. Ф. Р-265. Оп. 1. Д. 23. Описание методики реконструкции см. в статье."
Центральный,Москва,1,855,"8,4",Управление кинофикации Мосгорисполкома,"4,5",ЦГАМ. Ф. Р-265. Оп. 1. Д. 23. ,"Указано усредненное количество сеансов в день, согласно общему годовому отчету по всем кинотеатрам за 1950 год: ЦГАМ. Ф. Р-265. Оп. 1. Д. 23. ","Цена на билет искусственно сконструирована, отталкиваясь от усредненной цены билета в городские кинотеатры согласно общему говодому отчету  за 1950 год (3-98 руб.): ЦГАМ. Ф. Р-265. Оп. 1. Д. 23. Описание методики реконструкции см. в статье."
ЦПКиО им. Горького,Москва,1,757,"3,3",Управление кинофикации Мосгорисполкома. Сезонный,"4,5",ЦГАМ. Ф. Р-265. Оп. 1. Д. 23. ,"Указано усредненное количество сеансов в день, согласно общему годовому отчету по сезонным кинотеатрам за 1950 год: ЦГАМ. Ф. Р-265. Оп. 1. Д. 23. ","Указана средняя цена на билет в сезонные кинотеатры, согласно годовому отчету за 1950 год: ЦГАМ. Ф. Р-265. Оп. 1. Д. 23. "
Шторм,Москва,1,678,"8,4",Управление кинофикации Мосгорисполкома,"4,5",ЦГАМ. Ф. Р-265. Оп. 1. Д. 23. ,"Указано усредненное количество сеансов в день, согласно общему годовому отчету по всем кинотеатрам за 1950 год: ЦГАМ. Ф. Р-265. Оп. 1. Д. 23. ","Цена на билет искусственно сконструирована, отталкиваясь от усредненной цены билета в городские кинотеатры согласно общему говодому отчету  за 1950 год (3-98 руб.): ЦГАМ. Ф. Р-265. Оп. 1. Д. 23. Описание методики реконструкции см. в статье."
Экран жизни,Москва,1,569,"8,4",Управление кинофикации Мосгорисполкома,"4,5",ЦГАМ. Ф. Р-265. Оп. 1. Д. 23. ,"Указано усредненное количество сеансов в день, согласно общему годовому отчету по всем кинотеатрам за 1950 год: ЦГАМ. Ф. Р-265. Оп. 1. Д. 23. ","Цена на билет искусственно сконструирована, отталкиваясь от усредненной цены билета в городские кинотеатры согласно общему говодому отчету  за 1950 год (3-98 руб.): ЦГАМ. Ф. Р-265. Оп. 1. Д. 23. Описание методики реконструкции см. в статье."
Экспресс,Москва,2,262,"8,4",Управление кинофикации Мосгорисполкома,"3,98",ЦГАМ. Ф. Р-265. Оп. 1. Д. 23. ,"Указано усредненное количество сеансов в день, согласно общему годовому отчету по всем кинотеатрам за 1950 год: ЦГАМ. Ф. Р-265. Оп. 1. Д. 23. ","Цена на билет искусственно сконструирована, отталкиваясь от усредненной цены билета в городские кинотеатры согласно общему говодому отчету  за 1950 год (3-98 руб.): ЦГАМ. Ф. Р-265. Оп. 1. Д. 23. Описание методики реконструкции см. в статье."
Эрмитаж,Москва,1,704,"8,4",Управление кинофикации Мосгорисполкома,"4,5",ЦГАМ. Ф. Р-265. Оп. 1. Д. 23. ,"Указано усредненное количество сеансов в день, согласно общему годовому отчету по всем кинотеатрам за 1950 год: ЦГАМ. Ф. Р-265. Оп. 1. Д. 23. ","Цена на билет искусственно сконструирована, отталкиваясь от усредненной цены билета в городские кинотеатры согласно общему говодому отчету  за 1950 год (3-98 руб.): ЦГАМ. Ф. Р-265. Оп. 1. Д. 23. Описание методики реконструкции см. в статье."
Юный зритель,Москва,2,361,"8,4",Управление кинофикации Мосгорисполкома,"3,98",ЦГАМ. Ф. Р-265. Оп. 1. Д. 23. ,"Указано усредненное количество сеансов в день, согласно общему годовому отчету по всем кинотеатрам за 1950 год: ЦГАМ. Ф. Р-265. Оп. 1. Д. 23. ","Цена на билет искусственно сконструирована, отталкиваясь от усредненной цены билета в городские кинотеатры согласно общему говодому отчету  за 1950 год (3-98 руб.): ЦГАМ. Ф. Р-265. Оп. 1. Д. 23. Описание методики реконструкции см. в статье."